chunk_id,strategy,paragraph_ids,text,word_count
overlap_001,overlap,"[1, 2]","A UIUC junior in engineering offers personalized tutoring in calculus and linear algebra for students taking introductory and intermediate math courses. Sessions are designed around the student's syllabus, homework set, and exam schedule, with extra practice on topics such as derivatives, integration techniques, vector spaces, matrices, determinants, and eigenvalues. The tutor focuses on explaining why methods work instead of only showing formulas, so students can solve unfamiliar problems independently. Meetings can be held at Grainger, the Main Library, or over Zoom, and review packets can be created before midterms. This service is especially useful for students who want structured weekly support, last-minute exam preparation, or patient help working through difficult lecture material. A UIUC computer science student provides one-on-one programming tutoring for beginners learning Python or Java. The service helps students understand syntax, debugging, loops, functions, arrays, object-oriented programming, and common assignment patterns used in introductory CS courses. Sessions typically include a short concept review, guided coding practice, and time for debugging class projects or homework submissions. The tutor can also explain how to read compiler errors, write cleaner code, and prepare for coding quizzes and technical interviews. Meetings are available online or in campus study spaces, and students can book single sessions or recurring weekly help. This listing is ideal for anyone who feels stuck in class and wants practical explanations with step-by-step examples.",225
overlap_002,overlap,"[2, 3]","A UIUC computer science student provides one-on-one programming tutoring for beginners learning Python or Java. The service helps students understand syntax, debugging, loops, functions, arrays, object-oriented programming, and common assignment patterns used in introductory CS courses. Sessions typically include a short concept review, guided coding practice, and time for debugging class projects or homework submissions. The tutor can also explain how to read compiler errors, write cleaner code, and prepare for coding quizzes and technical interviews. Meetings are available online or in campus study spaces, and students can book single sessions or recurring weekly help. This listing is ideal for anyone who feels stuck in class and wants practical explanations with step-by-step examples. A pre-med student offers tutoring for general chemistry, organic chemistry foundations, and introductory biology courses at UIUC. Sessions focus on lecture review, reaction patterns, problem solving, vocabulary retention, and test-taking strategies for science-heavy exams. Students can bring lecture slides, worksheets, and practice tests, and the tutor will help organize the material into manageable study goals. Support is available for understanding mechanisms, cellular processes, lab concepts, and multiple-choice reasoning. The tutor emphasizes consistency by creating weekly study plans that fit around classes and club commitments. Appointments can be scheduled before major exams or used throughout the semester. This service works well for students who want accountability, clearer explanations, and extra confidence before quizzes and midterms.",227
overlap_003,overlap,"[3, 4]","A pre-med student offers tutoring for general chemistry, organic chemistry foundations, and introductory biology courses at UIUC. Sessions focus on lecture review, reaction patterns, problem solving, vocabulary retention, and test-taking strategies for science-heavy exams. Students can bring lecture slides, worksheets, and practice tests, and the tutor will help organize the material into manageable study goals. Support is available for understanding mechanisms, cellular processes, lab concepts, and multiple-choice reasoning. The tutor emphasizes consistency by creating weekly study plans that fit around classes and club commitments. Appointments can be scheduled before major exams or used throughout the semester. This service works well for students who want accountability, clearer explanations, and extra confidence before quizzes and midterms. A student photographer offers graduation photo sessions around popular UIUC landmarks including the Quad, Alma Mater, Foellinger Auditorium, and the Main Library steps. Each session includes pose guidance, candid shots, solo portraits, and small group photos with friends or family. Clients can bring multiple outfits, cap and gown accessories, champagne props, or cultural stoles to customize the shoot. Edited high-resolution images are delivered in an online gallery within seven days, with color correction and light retouching included. The photographer aims to capture both polished portraits and natural celebratory moments that feel personal to the graduate's UIUC experience. This service is ideal for seniors who want professional-looking photos without booking a large studio package.",227
overlap_004,overlap,"[4, 5]","A student photographer offers graduation photo sessions around popular UIUC landmarks including the Quad, Alma Mater, Foellinger Auditorium, and the Main Library steps. Each session includes pose guidance, candid shots, solo portraits, and small group photos with friends or family. Clients can bring multiple outfits, cap and gown accessories, champagne props, or cultural stoles to customize the shoot. Edited high-resolution images are delivered in an online gallery within seven days, with color correction and light retouching included. The photographer aims to capture both polished portraits and natural celebratory moments that feel personal to the graduate's UIUC experience. This service is ideal for seniors who want professional-looking photos without booking a large studio package. A UIUC student photographer provides event coverage for registered student organizations, birthday celebrations, cultural performances, and campus socials. The service includes candid coverage, posed group photos, speaker highlights, and crowd atmosphere images that organizers can later use for recap posts, recruitment, and memory books. The photographer is comfortable working in indoor and low-light environments and brings equipment suited for fast-moving events. After the event, clients receive a curated digital album with edited images and clear file organization for easy sharing. Pricing depends on event duration and expected photo volume, and longer bookings can include same-week turnaround for promotional needs. This listing is a good fit for clubs and student groups that want reliable visual coverage without hiring a commercial team.",233
overlap_005,overlap,"[5, 6]","A UIUC student photographer provides event coverage for registered student organizations, birthday celebrations, cultural performances, and campus socials. The service includes candid coverage, posed group photos, speaker highlights, and crowd atmosphere images that organizers can later use for recap posts, recruitment, and memory books. The photographer is comfortable working in indoor and low-light environments and brings equipment suited for fast-moving events. After the event, clients receive a curated digital album with edited images and clear file organization for easy sharing. Pricing depends on event duration and expected photo volume, and longer bookings can include same-week turnaround for promotional needs. This listing is a good fit for clubs and student groups that want reliable visual coverage without hiring a commercial team. A student hairstylist offers hair styling appointments for formals, graduation shoots, birthdays, and other special occasions. Popular styles include soft curls, straightened looks, braided accents, ponytails, and half-up designs suited for different hair lengths and textures. Before the appointment, clients can send inspiration photos and discuss timing, hair preparation, and the overall look they want to match with their outfit or makeup. The stylist works from a clean apartment setup near campus and sanitizes tools between clients. Appointments generally last between forty-five minutes and ninety minutes depending on complexity. This service is ideal for students who want polished event hair at a more affordable price than a salon while still receiving individualized attention and styling recommendations.",236
overlap_006,overlap,"[6, 7]","A student hairstylist offers hair styling appointments for formals, graduation shoots, birthdays, and other special occasions. Popular styles include soft curls, straightened looks, braided accents, ponytails, and half-up designs suited for different hair lengths and textures. Before the appointment, clients can send inspiration photos and discuss timing, hair preparation, and the overall look they want to match with their outfit or makeup. The stylist works from a clean apartment setup near campus and sanitizes tools between clients. Appointments generally last between forty-five minutes and ninety minutes depending on complexity. This service is ideal for students who want polished event hair at a more affordable price than a salon while still receiving individualized attention and styling recommendations. A UIUC student nail artist offers gel manicures, press-on sizing, simple acrylic sets, and custom nail art for students preparing for events or simply wanting a new set for the week. Clients can choose from minimalist styles, chrome finishes, seasonal designs, or character-inspired ideas, and reference photos are welcome before booking. Appointments include shaping, cuticle care, color application, and finishing details, with extra time added for complex artwork. The artist uses sanitized tools and quality products chosen for durability and shine. Sessions are completed in a home studio environment near campus with flexible evening and weekend availability. This service is a good choice for students looking for creative, personalized nails without traveling off campus.",230
overlap_007,overlap,"[7, 8]","A UIUC student nail artist offers gel manicures, press-on sizing, simple acrylic sets, and custom nail art for students preparing for events or simply wanting a new set for the week. Clients can choose from minimalist styles, chrome finishes, seasonal designs, or character-inspired ideas, and reference photos are welcome before booking. Appointments include shaping, cuticle care, color application, and finishing details, with extra time added for complex artwork. The artist uses sanitized tools and quality products chosen for durability and shine. Sessions are completed in a home studio environment near campus with flexible evening and weekend availability. This service is a good choice for students looking for creative, personalized nails without traveling off campus. A student makeup artist provides makeup appointments for formals, graduation portraits, date nights, cultural events, and themed celebrations. Services can range from soft natural glam to full evening looks with lashes, contour, highlight, and long-wear setting products. Clients are encouraged to share inspiration photos, skin concerns, and preferred coverage beforehand so the final look fits both the occasion and personal comfort level. The artist uses sanitized brushes and professional products selected for camera-friendly wear and extended staying power. Appointments are available near campus, and timing can be adjusted for early events or photography sessions. This listing is especially useful for students who want a polished finish, color matching help, and a makeup look that lasts through photos and activities.",233
overlap_008,overlap,"[8, 9]","A student makeup artist provides makeup appointments for formals, graduation portraits, date nights, cultural events, and themed celebrations. Services can range from soft natural glam to full evening looks with lashes, contour, highlight, and long-wear setting products. Clients are encouraged to share inspiration photos, skin concerns, and preferred coverage beforehand so the final look fits both the occasion and personal comfort level. The artist uses sanitized brushes and professional products selected for camera-friendly wear and extended staying power. Appointments are available near campus, and timing can be adjusted for early events or photography sessions. This listing is especially useful for students who want a polished finish, color matching help, and a makeup look that lasts through photos and activities. A UIUC student offers dependable pet sitting for cats, dogs, rabbits, and other small companion animals while owners are traveling, studying for exams, or managing a busy week. Services include feeding, water refresh, walks or playtime, litter or crate checks, and regular updates with photos so owners know their pets are comfortable. Care instructions are followed closely, including medicine reminders or special routines for shy animals. Depending on the pet and arrangement, the sitter can either make home visits or discuss short-term boarding for smaller animals. Availability is strongest during weekends, breaks, and evening hours. This service is ideal for students and local residents who want attentive care from someone familiar with campus-area schedules and apartments.",235
overlap_009,overlap,"[9, 10]","A UIUC student offers dependable pet sitting for cats, dogs, rabbits, and other small companion animals while owners are traveling, studying for exams, or managing a busy week. Services include feeding, water refresh, walks or playtime, litter or crate checks, and regular updates with photos so owners know their pets are comfortable. Care instructions are followed closely, including medicine reminders or special routines for shy animals. Depending on the pet and arrangement, the sitter can either make home visits or discuss short-term boarding for smaller animals. Availability is strongest during weekends, breaks, and evening hours. This service is ideal for students and local residents who want attentive care from someone familiar with campus-area schedules and apartments. A student dog walker provides short and extended walks for campus-area pet owners who need help during class, work, or travel days. Walks are tailored to the dog's age, size, and energy level, and the walker can reinforce simple commands such as sit, wait, and leash manners during the outing. Owners receive a quick update after each visit covering distance, behavior, water refill, and any concerns noticed along the route. Recurring weekly slots are available, which is helpful for graduate students and staff with fixed schedules. The walker is comfortable with high-energy dogs as well as senior pets that need gentler pacing. This listing works well for owners who want consistent exercise support and reliable midday care.",233
overlap_010,overlap,"[10, 11]","A student dog walker provides short and extended walks for campus-area pet owners who need help during class, work, or travel days. Walks are tailored to the dog's age, size, and energy level, and the walker can reinforce simple commands such as sit, wait, and leash manners during the outing. Owners receive a quick update after each visit covering distance, behavior, water refill, and any concerns noticed along the route. Recurring weekly slots are available, which is helpful for graduate students and staff with fixed schedules. The walker is comfortable with high-energy dogs as well as senior pets that need gentler pacing. This listing works well for owners who want consistent exercise support and reliable midday care. A UIUC student with internship recruiting experience offers resume reviews, LinkedIn feedback, and interview preparation for students applying to internships, campus jobs, and entry-level roles. Sessions focus on organizing experience clearly, strengthening bullet points with measurable results, and tailoring application materials to specific industries. The coach can also help with elevator pitches, behavioral interview questions, and general recruiting timelines for tech, consulting, business, and research opportunities. Clients may send documents in advance for written comments before the live session begins. Meetings are held virtually or in quiet campus locations, and follow-up notes are included after each appointment. This service is ideal for students who want practical application advice from someone recently familiar with the recruiting process.",233
overlap_011,overlap,"[11, 12]","A UIUC student with internship recruiting experience offers resume reviews, LinkedIn feedback, and interview preparation for students applying to internships, campus jobs, and entry-level roles. Sessions focus on organizing experience clearly, strengthening bullet points with measurable results, and tailoring application materials to specific industries. The coach can also help with elevator pitches, behavioral interview questions, and general recruiting timelines for tech, consulting, business, and research opportunities. Clients may send documents in advance for written comments before the live session begins. Meetings are held virtually or in quiet campus locations, and follow-up notes are included after each appointment. This service is ideal for students who want practical application advice from someone recently familiar with the recruiting process. A UIUC design student offers graphic design services for event flyers, logos, social media posts, pitch deck visuals, and simple brand kits. Clients can request a specific tone such as minimal, playful, elegant, or bold, and the designer will create concepts that fit the audience and purpose of the project. The process typically includes an initial consultation, one or two draft directions, and revisions based on feedback. Designs are created using industry-standard tools and delivered in formats suitable for print and digital posting. Student organizations often use this service for recruitment posters, fundraiser graphics, and merch mockups. This listing is a strong fit for anyone who wants polished visuals quickly without the cost of a full professional agency.",234
overlap_012,overlap,"[12, 13]","A UIUC design student offers graphic design services for event flyers, logos, social media posts, pitch deck visuals, and simple brand kits. Clients can request a specific tone such as minimal, playful, elegant, or bold, and the designer will create concepts that fit the audience and purpose of the project. The process typically includes an initial consultation, one or two draft directions, and revisions based on feedback. Designs are created using industry-standard tools and delivered in formats suitable for print and digital posting. Student organizations often use this service for recruitment posters, fundraiser graphics, and merch mockups. This listing is a strong fit for anyone who wants polished visuals quickly without the cost of a full professional agency. A UIUC student developer builds simple websites for student organizations, portfolios, personal brands, and small campus ventures. Services can include landing pages, multi-page sites, mobile-friendly layouts, contact forms, and basic backend integrations depending on project needs. The developer works with clients to understand the site's goals, visual style, required sections, and deadline, then delivers a clean and responsive final product. Technologies may include HTML, CSS, JavaScript, React, and lightweight hosting-friendly setups. Clients can also request maintenance help for updates after launch. This service is especially helpful for clubs needing a clearer online presence or students who want a professional portfolio site before internship recruiting. Clear communication and milestone check-ins are part of every project.",232
overlap_013,overlap,"[13, 14]","A UIUC student developer builds simple websites for student organizations, portfolios, personal brands, and small campus ventures. Services can include landing pages, multi-page sites, mobile-friendly layouts, contact forms, and basic backend integrations depending on project needs. The developer works with clients to understand the site's goals, visual style, required sections, and deadline, then delivers a clean and responsive final product. Technologies may include HTML, CSS, JavaScript, React, and lightweight hosting-friendly setups. Clients can also request maintenance help for updates after launch. This service is especially helpful for clubs needing a clearer online presence or students who want a professional portfolio site before internship recruiting. Clear communication and milestone check-ins are part of every project. A student editor offers video editing for TikTok clips, YouTube uploads, club recaps, presentations, and short promotional content. Services include trimming footage, improving pacing, adding subtitles, inserting music, color balancing, and organizing clips into a more polished final story. Clients can share a rough idea, reference style, or specific platform requirements, and the editor will shape the material to match the intended audience. Fast turnaround is available for short-form content when schedules permit. The editor has experience working with talking-head videos, event footage, and montage-style edits for organizations and personal creators. This listing is useful for students who have raw footage ready but need help transforming it into engaging content that looks more intentional and professional.",230
overlap_014,overlap,"[14, 15]","A student editor offers video editing for TikTok clips, YouTube uploads, club recaps, presentations, and short promotional content. Services include trimming footage, improving pacing, adding subtitles, inserting music, color balancing, and organizing clips into a more polished final story. Clients can share a rough idea, reference style, or specific platform requirements, and the editor will shape the material to match the intended audience. Fast turnaround is available for short-form content when schedules permit. The editor has experience working with talking-head videos, event footage, and montage-style edits for organizations and personal creators. This listing is useful for students who have raw footage ready but need help transforming it into engaging content that looks more intentional and professional. A UIUC student offers moving help during move-in, move-out, sublease changes, and apartment furniture pickups. Support can include carrying boxes, disassembling small furniture, organizing loading order, and helping transport items between buildings when arranged in advance. The service is especially popular at the beginning and end of semesters, when elevators, parking, and scheduling can become stressful. Clients should share the building location, number of stairs, and item types before booking so the workload can be estimated fairly. Hourly rates are available, and two-person help may be coordinated for heavier jobs depending on timing. This listing is ideal for students without a car or those who need an extra set of hands to make a demanding move more manageable.",234
overlap_015,overlap,"[15, 16]","A UIUC student offers moving help during move-in, move-out, sublease changes, and apartment furniture pickups. Support can include carrying boxes, disassembling small furniture, organizing loading order, and helping transport items between buildings when arranged in advance. The service is especially popular at the beginning and end of semesters, when elevators, parking, and scheduling can become stressful. Clients should share the building location, number of stairs, and item types before booking so the workload can be estimated fairly. Hourly rates are available, and two-person help may be coordinated for heavier jobs depending on timing. This listing is ideal for students without a car or those who need an extra set of hands to make a demanding move more manageable. A student cleaner provides light cleaning services for dorm rooms, apartments, and shared student living spaces near UIUC. Services can include vacuuming, sweeping, wiping surfaces, bathroom cleaning, kitchen cleanup, trash removal, and general tidying before guests arrive or inspections take place. Clients can request one-time help or recurring visits depending on availability. Cleaning supplies can be provided by the cleaner for common tasks, though clients should mention any sensitivities, pets, or special product preferences before the appointment. The focus is on restoring spaces to a fresher, more organized condition rather than deep restoration work. This listing is helpful for busy students balancing classes and work who want a cleaner living environment without spending an entire afternoon doing it themselves.",237
overlap_016,overlap,"[16, 17]","A student cleaner provides light cleaning services for dorm rooms, apartments, and shared student living spaces near UIUC. Services can include vacuuming, sweeping, wiping surfaces, bathroom cleaning, kitchen cleanup, trash removal, and general tidying before guests arrive or inspections take place. Clients can request one-time help or recurring visits depending on availability. Cleaning supplies can be provided by the cleaner for common tasks, though clients should mention any sensitivities, pets, or special product preferences before the appointment. The focus is on restoring spaces to a fresher, more organized condition rather than deep restoration work. This listing is helpful for busy students balancing classes and work who want a cleaner living environment without spending an entire afternoon doing it themselves. A UIUC student offers laundry service for students who are overwhelmed by coursework, work shifts, or travel. The service includes picking up a bag of clothing, washing and drying items according to care instructions, neatly folding the finished load, and returning it within an agreed window. Clients can specify fragrance preferences, delicate items, hang-dry needs, and any garments that should be separated. This service is especially helpful for students living in apartments with limited machines or dorms where laundry time is difficult to find. Rates are generally set by bag size or load size to keep pricing simple. This listing is convenient for people who want to save time and avoid spending late nights waiting on washers and dryers.",238
overlap_017,overlap,"[17, 18]","A UIUC student offers laundry service for students who are overwhelmed by coursework, work shifts, or travel. The service includes picking up a bag of clothing, washing and drying items according to care instructions, neatly folding the finished load, and returning it within an agreed window. Clients can specify fragrance preferences, delicate items, hang-dry needs, and any garments that should be separated. This service is especially helpful for students living in apartments with limited machines or dorms where laundry time is difficult to find. Rates are generally set by bag size or load size to keep pricing simple. This listing is convenient for people who want to save time and avoid spending late nights waiting on washers and dryers. A student bike mechanic offers affordable repairs for campus commuters who rely on bicycles to get to class, work, and appointments. Common services include fixing flat tires, replacing tubes, adjusting brakes, tightening chains, aligning gears, and performing general tune-ups to improve ride quality. Customers can describe the problem in advance and send photos if they are unsure what is wrong. The mechanic aims for quick turnaround, especially for essential repairs that affect daily transportation. Basic maintenance guidance is also provided so riders can prevent future issues. This listing is a practical option for students who want a lower-cost alternative to a shop and need dependable help keeping an older bike safe and functional.",232
overlap_018,overlap,"[18, 19]","A student bike mechanic offers affordable repairs for campus commuters who rely on bicycles to get to class, work, and appointments. Common services include fixing flat tires, replacing tubes, adjusting brakes, tightening chains, aligning gears, and performing general tune-ups to improve ride quality. Customers can describe the problem in advance and send photos if they are unsure what is wrong. The mechanic aims for quick turnaround, especially for essential repairs that affect daily transportation. Basic maintenance guidance is also provided so riders can prevent future issues. This listing is a practical option for students who want a lower-cost alternative to a shop and need dependable help keeping an older bike safe and functional. A UIUC student provides tech support for common laptop, tablet, and phone issues affecting school or personal use. Services include software installation, troubleshooting slow performance, printer setup, storage cleanup, Wi-Fi connection issues, and assistance with account configuration. Clients can also get help transferring files to a new device, setting up productivity tools, or diagnosing whether a problem looks fixable before paying for a repair shop. Appointments can be done in person for hands-on support or over video call for software problems. The goal is to explain solutions clearly so clients understand what changed rather than feeling lost in technical terms. This listing is ideal for students who need affordable, patient help when technology problems disrupt their routine.",230
overlap_019,overlap,"[19, 20]","A UIUC student provides tech support for common laptop, tablet, and phone issues affecting school or personal use. Services include software installation, troubleshooting slow performance, printer setup, storage cleanup, Wi-Fi connection issues, and assistance with account configuration. Clients can also get help transferring files to a new device, setting up productivity tools, or diagnosing whether a problem looks fixable before paying for a repair shop. Appointments can be done in person for hands-on support or over video call for software problems. The goal is to explain solutions clearly so clients understand what changed rather than feeling lost in technical terms. This listing is ideal for students who need affordable, patient help when technology problems disrupt their routine. A bilingual UIUC student offers language tutoring in Spanish and Mandarin for beginners and intermediate learners. Lessons can focus on conversation practice, pronunciation, grammar, vocabulary review, listening exercises, or class support depending on the student's goals. Sessions are adapted for people preparing for exams as well as those who simply want more confidence speaking in everyday situations. The tutor can create custom review sheets and short practice assignments between meetings to reinforce progress. In-person sessions can take place on campus, while online meetings are also available for convenience. This listing is especially useful for students who want more interactive practice than they receive in class and prefer learning with a flexible, conversational style.",230
overlap_020,overlap,"[20, 21]","A bilingual UIUC student offers language tutoring in Spanish and Mandarin for beginners and intermediate learners. Lessons can focus on conversation practice, pronunciation, grammar, vocabulary review, listening exercises, or class support depending on the student's goals. Sessions are adapted for people preparing for exams as well as those who simply want more confidence speaking in everyday situations. The tutor can create custom review sheets and short practice assignments between meetings to reinforce progress. In-person sessions can take place on campus, while online meetings are also available for convenience. This listing is especially useful for students who want more interactive practice than they receive in class and prefer learning with a flexible, conversational style. A UIUC student is selling a bundle of used textbooks from introductory business, economics, calculus, and engineering courses. Most books are in good condition with clean covers, intact bindings, and limited highlighting that does not interfere with reading. Several titles include access to practice problems, chapter summaries, or solved example sections that are still useful even without online codes. Buyers can purchase individual books or negotiate a discounted price for multiple titles at once. Pickup is available near campus, and sellers are willing to check edition numbers against your syllabus before finalizing a sale. This listing is a strong option for students who want to reduce semester costs while still getting reliable physical materials for studying and reference.",231
overlap_021,overlap,"[21, 22]","A UIUC student is selling a bundle of used textbooks from introductory business, economics, calculus, and engineering courses. Most books are in good condition with clean covers, intact bindings, and limited highlighting that does not interfere with reading. Several titles include access to practice problems, chapter summaries, or solved example sections that are still useful even without online codes. Buyers can purchase individual books or negotiate a discounted price for multiple titles at once. Pickup is available near campus, and sellers are willing to check edition numbers against your syllabus before finalizing a sale. This listing is a strong option for students who want to reduce semester costs while still getting reliable physical materials for studying and reference. A gently used ergonomic desk chair is available for sale near UIUC and works well for studying, gaming, or long sessions at a home desk. The chair features adjustable height, rolling wheels, padded armrests, and supportive back cushioning designed to make extended sitting more comfortable. The fabric is clean, the base is stable, and all adjustment levers function properly. Because many student apartments come with basic seating, this upgrade is especially useful for people setting up a better workspace during the semester. The seller can provide dimensions and additional photos so buyers can confirm the chair fits their room. This listing is ideal for students who want improved comfort without paying full retail price for new furniture.",235
overlap_022,overlap,"[22, 23]","A gently used ergonomic desk chair is available for sale near UIUC and works well for studying, gaming, or long sessions at a home desk. The chair features adjustable height, rolling wheels, padded armrests, and supportive back cushioning designed to make extended sitting more comfortable. The fabric is clean, the base is stable, and all adjustment levers function properly. Because many student apartments come with basic seating, this upgrade is especially useful for people setting up a better workspace during the semester. The seller can provide dimensions and additional photos so buyers can confirm the chair fits their room. This listing is ideal for students who want improved comfort without paying full retail price for new furniture. A compact mini fridge is being sold by a UIUC student who no longer needs it after moving to an apartment with a full kitchen. The appliance includes a small freezer compartment, adjustable temperature settings, and enough interior room for drinks, snacks, meal prep containers, and basic groceries. It has been cleaned thoroughly and kept in a smoke-free environment. The fridge is a practical addition for dorm rooms, study spaces, or bedrooms where quick access to food is convenient. The seller can share exact dimensions, estimated capacity, and pickup details for interested buyers. This listing is especially useful for students who want dependable cold storage without buying a new unit at the start of the semester.",233
overlap_023,overlap,"[23, 24]","A compact mini fridge is being sold by a UIUC student who no longer needs it after moving to an apartment with a full kitchen. The appliance includes a small freezer compartment, adjustable temperature settings, and enough interior room for drinks, snacks, meal prep containers, and basic groceries. It has been cleaned thoroughly and kept in a smoke-free environment. The fridge is a practical addition for dorm rooms, study spaces, or bedrooms where quick access to food is convenient. The seller can share exact dimensions, estimated capacity, and pickup details for interested buyers. This listing is especially useful for students who want dependable cold storage without buying a new unit at the start of the semester. A lightly used microwave is available for sale and is suitable for reheating meals, making quick snacks, and handling everyday apartment or dorm cooking needs. The unit includes multiple power levels, a digital timer, and standard preset buttons that make it easy to use. It has been kept clean, heats evenly, and is being sold only because the owner is relocating. For students furnishing their first apartment, this can be a cost-effective way to add convenience without buying a brand-new appliance. The seller can provide measurements and a demonstration at pickup if requested. This listing is ideal for buyers who want a basic, functional microwave for regular daily use at an affordable student-friendly price.",230
overlap_024,overlap,"[24, 25]","A lightly used microwave is available for sale and is suitable for reheating meals, making quick snacks, and handling everyday apartment or dorm cooking needs. The unit includes multiple power levels, a digital timer, and standard preset buttons that make it easy to use. It has been kept clean, heats evenly, and is being sold only because the owner is relocating. For students furnishing their first apartment, this can be a cost-effective way to add convenience without buying a brand-new appliance. The seller can provide measurements and a demonstration at pickup if requested. This listing is ideal for buyers who want a basic, functional microwave for regular daily use at an affordable student-friendly price. A used laptop in solid working condition is available for sale near UIUC and is suitable for coursework, online classes, browsing, document editing, and light programming. The device has a reliable battery for everyday use, a functioning webcam for meetings, and enough storage for academic files and common software. Cosmetic wear is minor and does not affect performance. The seller can share processor details, memory specifications, charger information, and current system condition so buyers know exactly what they are getting. This listing is especially helpful for students who need a secondary device, an affordable replacement, or a general-purpose computer without spending the price of a new model at the campus bookstore or electronics store.",228
overlap_025,overlap,"[25, 26]","A used laptop in solid working condition is available for sale near UIUC and is suitable for coursework, online classes, browsing, document editing, and light programming. The device has a reliable battery for everyday use, a functioning webcam for meetings, and enough storage for academic files and common software. Cosmetic wear is minor and does not affect performance. The seller can share processor details, memory specifications, charger information, and current system condition so buyers know exactly what they are getting. This listing is especially helpful for students who need a secondary device, an affordable replacement, or a general-purpose computer without spending the price of a new model at the campus bookstore or electronics store. A 24-inch external monitor is available for sale and works well for studying, coding, gaming, or building a dual-screen workstation in a dorm or apartment. The display offers clear image quality, a comfortable size for multitasking, and common connection options such as HDMI for easy setup with laptops and consoles. The screen has been tested and performs normally with no major dead pixels or flickering issues reported. The stand is stable, and the monitor is being sold because the owner is downsizing their setup. Buyers can request photos of the display while powered on. This listing is a practical choice for students who want more screen space for assignments, design work, or entertainment without buying new electronics.",231
overlap_026,overlap,"[26, 27]","A 24-inch external monitor is available for sale and works well for studying, coding, gaming, or building a dual-screen workstation in a dorm or apartment. The display offers clear image quality, a comfortable size for multitasking, and common connection options such as HDMI for easy setup with laptops and consoles. The screen has been tested and performs normally with no major dead pixels or flickering issues reported. The stand is stable, and the monitor is being sold because the owner is downsizing their setup. Buyers can request photos of the display while powered on. This listing is a practical choice for students who want more screen space for assignments, design work, or entertainment without buying new electronics. A DSLR camera kit is being sold by a UIUC student and is a strong starter option for photography enthusiasts, content creators, or campus organizations needing better image quality than a phone can provide. The package includes the camera body, a standard lens, battery, charger, and basic accessories needed to start shooting immediately. The camera has been used carefully and remains in good functional condition, with clear image capture and responsive controls. It is suitable for portraits, event photography, and learning manual settings such as shutter speed and aperture. The seller can provide the approximate shutter count and sample images on request. This listing is ideal for buyers who want a capable camera setup at a lower price than a new kit.",239
overlap_027,overlap,"[27, 28]","A DSLR camera kit is being sold by a UIUC student and is a strong starter option for photography enthusiasts, content creators, or campus organizations needing better image quality than a phone can provide. The package includes the camera body, a standard lens, battery, charger, and basic accessories needed to start shooting immediately. The camera has been used carefully and remains in good functional condition, with clear image capture and responsive controls. It is suitable for portraits, event photography, and learning manual settings such as shutter speed and aperture. The seller can provide the approximate shutter count and sample images on request. This listing is ideal for buyers who want a capable camera setup at a lower price than a new kit. A wireless printer is available for sale and is well suited for students who want the convenience of printing assignments, scanning forms, and making occasional copies from home. The unit connects through Wi-Fi, supports standard black-and-white and color printing, and has been used primarily for school documents. It is in good working condition and comes with the power cable, with remaining ink status shared upon request. For apartment living, having a home printer can save time during busy deadlines when campus labs are crowded or closed. The seller can verify compatibility with common operating systems before pickup. This listing is a useful option for students who need a reliable printer setup without paying full retail for a new machine.",241
overlap_028,overlap,"[28, 29]","A wireless printer is available for sale and is well suited for students who want the convenience of printing assignments, scanning forms, and making occasional copies from home. The unit connects through Wi-Fi, supports standard black-and-white and color printing, and has been used primarily for school documents. It is in good working condition and comes with the power cable, with remaining ink status shared upon request. For apartment living, having a home printer can save time during busy deadlines when campus labs are crowded or closed. The seller can verify compatibility with common operating systems before pickup. This listing is a useful option for students who need a reliable printer setup without paying full retail for a new machine. A sturdy metal bed frame is being sold near UIUC and is compatible with common twin or full mattress sizes depending on configuration. The frame offers raised under-bed clearance that is useful for storage bins, suitcases, and extra seasonal items in smaller student apartments. It is designed for straightforward assembly and can be disassembled for transport, which makes pickup simpler for buyers moving between leases. The frame has been used indoors, remains structurally sound, and shows only normal cosmetic wear from regular use. The seller can provide measurements, hardware details, and photos of the assembled setup. This listing is ideal for students furnishing an apartment on a budget who still want a stable sleeping setup with useful storage space underneath.",239
overlap_029,overlap,"[29, 30]","A sturdy metal bed frame is being sold near UIUC and is compatible with common twin or full mattress sizes depending on configuration. The frame offers raised under-bed clearance that is useful for storage bins, suitcases, and extra seasonal items in smaller student apartments. It is designed for straightforward assembly and can be disassembled for transport, which makes pickup simpler for buyers moving between leases. The frame has been used indoors, remains structurally sound, and shows only normal cosmetic wear from regular use. The seller can provide measurements, hardware details, and photos of the assembled setup. This listing is ideal for students furnishing an apartment on a budget who still want a stable sleeping setup with useful storage space underneath. A clean foam mattress is available for sale and offers comfortable support for a dorm, apartment, or short-term sublease setup near UIUC. The mattress has been used with a protective cover, stored indoors, and maintained in a clean environment. It provides a balanced feel that works well for students who want an affordable bed option without sacrificing basic comfort. Because buying a mattress new can be expensive during move-in season, this listing offers a lower-cost alternative for someone furnishing a room quickly. The seller can share dimensions, thickness, and pickup timing, and buyers are welcome to inspect the mattress before deciding. This listing is best for students seeking a straightforward, ready-to-use sleep setup at a reasonable price.",237
overlap_030,overlap,"[30, 31]","A clean foam mattress is available for sale and offers comfortable support for a dorm, apartment, or short-term sublease setup near UIUC. The mattress has been used with a protective cover, stored indoors, and maintained in a clean environment. It provides a balanced feel that works well for students who want an affordable bed option without sacrificing basic comfort. Because buying a mattress new can be expensive during move-in season, this listing offers a lower-cost alternative for someone furnishing a room quickly. The seller can share dimensions, thickness, and pickup timing, and buyers are welcome to inspect the mattress before deciding. This listing is best for students seeking a straightforward, ready-to-use sleep setup at a reasonable price. A used sofa is being sold by a UIUC student and is a practical fit for apartment living rooms, study corners, or shared housing common spaces. The couch is comfortable for everyday sitting, movie nights, and hosting friends, with cushions that still hold their shape and a frame that feels stable. The upholstery is in good condition with only minor wear consistent with normal use. Because apartment furniture can be expensive to replace all at once, this listing offers a budget-friendly way to make a space feel more complete and inviting. The seller can provide dimensions, pickup logistics, and extra photos showing the full sofa from multiple angles. This listing is ideal for buyers furnishing a living area without spending new-furniture prices.",239
overlap_031,overlap,"[31, 32]","A used sofa is being sold by a UIUC student and is a practical fit for apartment living rooms, study corners, or shared housing common spaces. The couch is comfortable for everyday sitting, movie nights, and hosting friends, with cushions that still hold their shape and a frame that feels stable. The upholstery is in good condition with only minor wear consistent with normal use. Because apartment furniture can be expensive to replace all at once, this listing offers a budget-friendly way to make a space feel more complete and inviting. The seller can provide dimensions, pickup logistics, and extra photos showing the full sofa from multiple angles. This listing is ideal for buyers furnishing a living area without spending new-furniture prices. A compact coffee table is available for sale and works well in apartments, dorm lounges, and smaller shared spaces where full-size furniture would feel crowded. The table provides enough surface area for drinks, snacks, books, remotes, and decor while still being easy to position in front of a sofa or along a wall. Its simple design makes it easy to match with different room styles, and the current owner has used it successfully in a student apartment. The table remains stable and usable, with only light cosmetic wear from routine use. The seller can share exact measurements and pickup information for interested buyers. This listing is a smart choice for students who want practical living room furniture on a limited budget.",243
overlap_032,overlap,"[32, 33]","A compact coffee table is available for sale and works well in apartments, dorm lounges, and smaller shared spaces where full-size furniture would feel crowded. The table provides enough surface area for drinks, snacks, books, remotes, and decor while still being easy to position in front of a sofa or along a wall. Its simple design makes it easy to match with different room styles, and the current owner has used it successfully in a student apartment. The table remains stable and usable, with only light cosmetic wear from routine use. The seller can share exact measurements and pickup information for interested buyers. This listing is a smart choice for students who want practical living room furniture on a limited budget. An adjustable desk lamp is available for sale and is well suited for students who study late, attend evening online classes, or want better lighting for reading and desk work. The lamp provides focused illumination without taking up too much surface space, making it a useful accessory for both dorm desks and apartment workstations. Its adjustable neck allows users to direct light where they need it most, whether they are writing notes, assembling small items, or working on art projects. The lamp is in good working condition and is being sold simply because the owner is moving out. This listing is ideal for buyers who want a practical lighting upgrade that improves productivity without requiring a large furniture purchase.",240
overlap_033,overlap,"[33, 34]","An adjustable desk lamp is available for sale and is well suited for students who study late, attend evening online classes, or want better lighting for reading and desk work. The lamp provides focused illumination without taking up too much surface space, making it a useful accessory for both dorm desks and apartment workstations. Its adjustable neck allows users to direct light where they need it most, whether they are writing notes, assembling small items, or working on art projects. The lamp is in good working condition and is being sold simply because the owner is moving out. This listing is ideal for buyers who want a practical lighting upgrade that improves productivity without requiring a large furniture purchase. A durable backpack is being sold near UIUC and is suitable for carrying textbooks, notebooks, chargers, water bottles, and a laptop across campus throughout the week. The bag has multiple compartments that make it easier to organize smaller items, and the shoulder straps remain comfortable for regular use. It has been gently used and still looks presentable, with zippers and pockets functioning properly. Because students rely heavily on a dependable bag during busy semesters, this listing offers a practical replacement or backup option at a lower cost than buying new. The seller can provide measurements and photos of the interior storage layout if needed. This listing is especially useful for students who want a reliable everyday backpack quickly and affordably.",239
overlap_034,overlap,"[34, 35]","A durable backpack is being sold near UIUC and is suitable for carrying textbooks, notebooks, chargers, water bottles, and a laptop across campus throughout the week. The bag has multiple compartments that make it easier to organize smaller items, and the shoulder straps remain comfortable for regular use. It has been gently used and still looks presentable, with zippers and pockets functioning properly. Because students rely heavily on a dependable bag during busy semesters, this listing offers a practical replacement or backup option at a lower cost than buying new. The seller can provide measurements and photos of the interior storage layout if needed. This listing is especially useful for students who want a reliable everyday backpack quickly and affordably. A pair of lightly used sneakers is available for sale and is suitable for everyday campus walking, gym visits, or casual wear. The shoes have been worn only a limited number of times, with soles that still show good tread and uppers that remain clean and structurally sound. They are being sold because the owner no longer wears the style or fit. Buyers can request the exact size, brand details, and close-up photos of the condition before meeting. Since students often need comfortable shoes for long days moving between classes, this listing provides a practical option at a lower price than retail. It is ideal for anyone looking for functional footwear in good condition without spending on a brand-new pair.",240
overlap_035,overlap,"[35, 36]","A pair of lightly used sneakers is available for sale and is suitable for everyday campus walking, gym visits, or casual wear. The shoes have been worn only a limited number of times, with soles that still show good tread and uppers that remain clean and structurally sound. They are being sold because the owner no longer wears the style or fit. Buyers can request the exact size, brand details, and close-up photos of the condition before meeting. Since students often need comfortable shoes for long days moving between classes, this listing provides a practical option at a lower price than retail. It is ideal for anyone looking for functional footwear in good condition without spending on a brand-new pair. A winter jacket is available for sale and is well suited for Champaign-Urbana weather during colder months. The coat provides warmth for walking to class, waiting at bus stops, and spending time outside during windy winter days. It features a comfortable lining, functional pockets, and a condition that remains good after normal seasonal use. The seller is parting with it only because of a wardrobe change, not because of damage or performance issues. Interested buyers can ask for size information, brand details, and additional photos showing the fit and exterior condition. This listing is especially useful for students who need reliable cold-weather outerwear quickly and want to avoid paying full retail prices at the start of winter.",237
overlap_036,overlap,"[36, 37]","A winter jacket is available for sale and is well suited for Champaign-Urbana weather during colder months. The coat provides warmth for walking to class, waiting at bus stops, and spending time outside during windy winter days. It features a comfortable lining, functional pockets, and a condition that remains good after normal seasonal use. The seller is parting with it only because of a wardrobe change, not because of damage or performance issues. Interested buyers can ask for size information, brand details, and additional photos showing the fit and exterior condition. This listing is especially useful for students who need reliable cold-weather outerwear quickly and want to avoid paying full retail prices at the start of winter. A used bicycle is being sold near UIUC and is ideal for commuting to class, riding between apartments and campus buildings, or making quick trips around town. The bike has been used as regular student transportation and remains functional, with working brakes, usable tires, and a frame suited for daily riding. It may show cosmetic signs of use, but overall it is a practical option for buyers who care more about dependable transportation than appearance. The seller can provide frame size, pickup details, and any recent maintenance notes before purchase. This listing is especially attractive for students who want to save time walking across campus and need an affordable ride without shopping at a full-price bike retailer.",234
overlap_037,overlap,"[37, 38]","A used bicycle is being sold near UIUC and is ideal for commuting to class, riding between apartments and campus buildings, or making quick trips around town. The bike has been used as regular student transportation and remains functional, with working brakes, usable tires, and a frame suited for daily riding. It may show cosmetic signs of use, but overall it is a practical option for buyers who care more about dependable transportation than appearance. The seller can provide frame size, pickup details, and any recent maintenance notes before purchase. This listing is especially attractive for students who want to save time walking across campus and need an affordable ride without shopping at a full-price bike retailer. A pair of over-ear headphones is available for sale and is a good fit for studying, commuting, casual gaming, and everyday music listening. The headphones provide comfortable ear coverage, solid sound quality, and a design that helps reduce distractions in noisy shared environments such as libraries, buses, or apartment common areas. They have been used carefully and remain in good working condition, with audio output functioning properly on both sides. The seller can confirm whether charging cables, cases, or auxiliary accessories are included. This listing is especially useful for students who want a reliable personal audio setup for classes and entertainment without buying a more expensive new pair from an electronics store.",229
overlap_038,overlap,"[38, 39]","A pair of over-ear headphones is available for sale and is a good fit for studying, commuting, casual gaming, and everyday music listening. The headphones provide comfortable ear coverage, solid sound quality, and a design that helps reduce distractions in noisy shared environments such as libraries, buses, or apartment common areas. They have been used carefully and remain in good working condition, with audio output functioning properly on both sides. The seller can confirm whether charging cables, cases, or auxiliary accessories are included. This listing is especially useful for students who want a reliable personal audio setup for classes and entertainment without buying a more expensive new pair from an electronics store. A gaming console bundle is being sold by a UIUC student and includes the console itself, at least one controller, and a small selection of games or accessories depending on the final package. Everything has been tested and works properly, and the seller is only letting it go because of graduation or reduced use. This bundle can be a fun addition to an apartment living room for casual gaming nights with roommates or friends after classes. Interested buyers can ask about storage capacity, exact model version, included titles, and cosmetic condition before pickup. This listing is ideal for students who want an entertainment setup at a lower entry cost than purchasing a full console system new.",228
overlap_039,overlap,"[39, 40]","A gaming console bundle is being sold by a UIUC student and includes the console itself, at least one controller, and a small selection of games or accessories depending on the final package. Everything has been tested and works properly, and the seller is only letting it go because of graduation or reduced use. This bundle can be a fun addition to an apartment living room for casual gaming nights with roommates or friends after classes. Interested buyers can ask about storage capacity, exact model version, included titles, and cosmetic condition before pickup. This listing is ideal for students who want an entertainment setup at a lower entry cost than purchasing a full console system new. A kitchen starter set is available for sale and includes practical essentials such as pots, pans, cooking utensils, and a few basic tools that are useful for students moving into an apartment for the first time. Instead of purchasing everything separately, buyers can get a functioning starter collection in one transaction and begin cooking simple meals right away. The items have been used but remain in workable condition, with normal signs of wear that do not affect everyday use. The seller can provide a complete inventory list and photos of each item before pickup. This listing is especially valuable for students trying to furnish a kitchen quickly on a budget while still having the basics needed for regular meal preparation.",236
